{
  "project_info": {
    "project_number": "485686922043",
    "project_id": "go4lunch-10136",
    "storage_bucket": "go4lunch-10136.appspot.com"
  },
  "client": [
    {
      "client_info": {
        "mobilesdk_app_id": "1:485686922043:android:7c2777b1db2e1c2238c51e",
        "android_client_info": {
          "package_name": "com.example.go4lunch"
        }
      },
      "oauth_client": [
        {
          "client_id": "485686922043-jm6ni3k2h333aev89r338lcq6r74p6c5.apps.googleusercontent.com",
          "client_type": 1,
          "android_info": {
            "package_name": "com.example.go4lunch",
            "certificate_hash": "2693156654bb872d41a30b9341b263015adb76ea"
          }
        },
        {
          "client_id": "485686922043-jika7fcqeun39mh67ae501ahd9uccg5t.apps.googleusercontent.com",
          "client_type": 3
        }
      ],
      "api_key": [
        {
          "current_key": "AIzaSyBQwpAcioBRqhhYEb1K9Y5bS9XVPT0iTls"
        }
      ],
      "services": {
        "appinvite_service": {
          "other_platform_oauth_client": [
            {
              "client_id": "485686922043-jika7fcqeun39mh67ae501ahd9uccg5t.apps.googleusercontent.com",
              "client_type": 3
            }
          ]
        }
      }
    }
  ],
  "configuration_version": "1"
}